sample_id,genotype,near_infrared,red,redEdge,blue,EVI,date,NDVI_calculated,NDRE_calculated,yield_g,plant_height_cm
1.0,P1,96.0,30.333333333333332,69.33333333333333,16.0,1.0939757629099993,11 Apr 2022,0.5197889182058049,0.1612903225806452,4372.0,75.0
1.0,P1,221.16666666666666,70.83333333333333,168.5,52.833333333333336,1.487707964261494,16 May 2022,0.5148401826484018,0.13515825491873396,4372.0,75.0
1.0,P1,185.75,96.5,148.25,45.75,0.5872206578220635,18 Mar 2022,0.31620903454384414,0.1122754491017964,4372.0,75.0
1.0,P1,136.0,50.666666666666664,102.0,35.333333333333336,1.233664120264889,27 May 2022,0.45714285714285724,0.14285714285714285,4372.0,75.0
2.0,P2,101.66666666666667,26.0,72.0,17.666666666666668,1.6386725741097374,11 Apr 2022,0.5926892950391645,0.1708253358925144,4559.0,75.0
2.0,P2,239.85714285714286,64.0,179.71428571428572,50.142857142857146,1.741305515229115,16 May 2022,0.5787494123178185,0.14334354783792985,4559.0,75.0
2.0,P2,158.75,90.25,126.75,41.25,0.5022682170402822,18 Mar 2022,0.2751004016064257,0.11208406304728546,4559.0,75.0
2.0,P2,153.16666666666666,44.166666666666664,111.5,29.333333333333332,1.372227867306152,27 May 2022,0.5523648648648649,0.1574307304785894,4559.0,75.0
3.0,P3,106.33333333333333,34.333333333333336,79.66666666666667,21.0,1.2277363942729584,11 Apr 2022,0.5118483412322276,0.14336917562724008,4600.0,61.0
3.0,P3,301.6666666666667,73.5,203.0,64.16666666666667,2.123654947614331,16 May 2022,0.6081741448245225,0.19550858652575961,4600.0,61.0
3.0,P3,153.25,84.25,120.5,39.75,0.5612659398346669,18 Mar 2022,0.2905263157894737,0.11963470319634703,4600.0,61.0
3.0,P3,179.8,52.2,125.4,43.0,1.8672902963405078,27 May 2022,0.55,0.1782437745740498,4600.0,61.0
4.0,P4,127.0,36.0,93.0,22.666666666666668,1.3817133997694795,11 Apr 2022,0.558282208588957,0.15454545454545454,5065.0,73.5
4.0,P4,343.625,59.5,231.25,52.75,2.2174082762179457,16 May 2022,0.7048062015503876,0.19547727766905848,5065.0,73.5
4.0,P4,161.5,85.25,126.75,39.0,0.5663187175896678,18 Mar 2022,0.3090172239108409,0.12055507372072853,5065.0,73.5
4.0,P4,176.33333333333334,40.166666666666664,120.5,25.333333333333332,1.4808656413478805,27 May 2022,0.6289453425712087,0.18809657495788884,5065.0,73.5
5.0,P5,119.0,40.333333333333336,90.0,21.333333333333332,1.0577883038037585,11 Apr 2022,0.49372384937238484,0.13875598086124402,4656.0,64.0
5.0,P5,209.125,60.0,151.25,49.875,1.892366478114225,16 May 2022,0.5541105434277752,0.160596600763094,4656.0,64.0
5.0,P5,150.75,81.25,120.5,36.75,0.5634279807986607,18 Mar 2022,0.2995689655172414,0.11152073732718894,4656.0,64.0
5.0,P5,196.8,58.6,144.2,44.4,1.6020804357481206,27 May 2022,0.5411119812059515,0.1542521994134898,4656.0,64.0
6.0,X,109.33333333333333,37.0,80.0,22.333333333333332,1.168704660005095,11 Apr 2022,0.49430523917995445,0.15492957746478872,2605.0,71.5
6.0,X,183.71428571428572,53.0,139.0,35.57142857142857,1.3994913940725777,16 May 2022,0.552202776101388,0.13855688357680393,2605.0,71.5
6.0,X,145.0,89.5,115.75,41.5,0.45341582935501,18 Mar 2022,0.23667377398720682,0.11217641418983701,2605.0,71.5
6.0,X,143.0,47.4,115.4,32.0,1.3684748259059458,27 May 2022,0.5021008403361344,0.1068111455108359,2605.0,71.5
7.0,XX,102.0,37.0,76.33333333333333,20.333333333333332,1.0056106150847446,11 Apr 2022,0.4676258992805755,0.14392523364485985,2589.0,64.0
7.0,XX,200.57142857142858,56.42857142857143,149.85714285714286,37.142857142857146,1.416216508374642,16 May 2022,0.5608671484157867,0.14472075010191604,2589.0,64.0
7.0,XX,140.6,89.2,113.6,40.0,0.44751423846751265,18 Mar 2022,0.22367275892080066,0.10621557828481511,2589.0,64.0
7.0,XX,178.4,50.4,134.2,30.0,1.3089942907260876,27 May 2022,0.5594405594405594,0.14139475367882282,2589.0,64.0
8.0,XXX,106.0,41.0,80.0,22.5,0.9873533724340176,11 Apr 2022,0.4421768707482993,0.13978494623655913,1322.0,61.0
8.0,XXX,168.14285714285714,73.28571428571429,137.42857142857142,43.57142857142857,0.8923970809411942,16 May 2022,0.3928994082840236,0.10051425899953252,1322.0,61.0
8.0,XXX,130.4,89.2,107.2,40.8,0.37885107100081433,18 Mar 2022,0.18761384335154827,0.09764309764309764,1322.0,61.0
8.0,XXX,99.8,52.8,86.0,27.6,0.652161723023801,27 May 2022,0.30799475753604194,0.0742734122712594,1322.0,61.0
9.0,XXXX,131.33333333333334,37.0,95.66666666666667,23.333333333333332,1.3633042681955725,11 Apr 2022,0.5603960396039604,0.15712187958883997,4500.0,73.5
9.0,XXXX,277.14285714285717,81.57142857142857,205.28571428571428,71.42857142857143,2.111538198047866,16 May 2022,0.5452011150935883,0.1489487710986083,4500.0,73.5
9.0,XXXX,142.0,88.0,116.2,38.8,0.452296664283775,18 Mar 2022,0.23478260869565218,0.09992254066615026,4500.0,73.5
9.0,XXXX,164.6,55.4,127.0,44.4,1.6927146375116564,27 May 2022,0.4963636363636363,0.12894375857338816,4500.0,73.5
10.0,XXXXX,123.0,35.333333333333336,87.66666666666667,18.666666666666668,1.2122245373532012,11 Apr 2022,0.5536842105263157,0.16772151898734172,5387.0,65.0
10.0,XXXXX,243.0,61.857142857142854,165.85714285714286,52.857142857142854,2.0938228278563082,16 May 2022,0.5941893158388004,0.18867924528301885,5387.0,65.0
10.0,XXXXX,138.8,81.2,113.4,36.2,0.49490765014778343,18 Mar 2022,0.26181818181818184,0.10071371927042032,5387.0,65.0
10.0,XXXXX,177.4,50.0,127.0,41.6,1.9505019712320926,27 May 2022,0.5602462620932278,0.16557161629434958,5387.0,65.0
11.0,bordeux,155.33333333333334,35.0,111.0,23.333333333333332,1.6076354811515425,11 Apr 2022,0.6322241681260946,0.16645807259073844,4877.0,74.0
11.0,bordeux,213.875,33.125,147.25,26.25,2.1005501522862544,16 May 2022,0.7317813765182186,0.18449290411907235,4877.0,74.0
11.0,bordeux,150.0,75.0,119.25,35.75,0.67385375883699,18 Mar 2022,0.3333333333333333,0.11420612813370473,4877.0,74.0
11.0,bordeux,285.6666666666667,47.166666666666664,204.16666666666666,30.0,1.7174752815205458,27 May 2022,0.7165748622934401,0.16638312351139847,4877.0,74.0
12.0,BLT 34-15,182.0,32.666666666666664,122.66666666666667,21.666666666666668,1.749592676389596,11 Apr 2022,0.6956521739130436,0.1947483588621444,4111.0,96.5
12.0,BLT 34-15,285.7142857142857,52.857142857142854,182.42857142857142,49.0,2.465679829308655,16 May 2022,0.6877637130801688,0.2206286237412268,4111.0,96.5
12.0,BLT 34-15,172.33333333333334,75.5,133.66666666666666,36.0,0.7765928727847639,18 Mar 2022,0.390719569603228,0.12636165577342054,4111.0,96.5
12.0,BLT 34-15,128.6,32.8,87.8,25.8,1.8570883227723471,27 May 2022,0.593556381660471,0.18853974121996303,4111.0,96.5
13.0,agaton,127.0,43.666666666666664,94.0,24.666666666666668,1.139398951675833,11 Apr 2022,0.48828125000000006,0.1493212669683258,3340.0,85.0
13.0,agaton,289.875,44.75,187.875,36.125,2.0989644728670735,16 May 2022,0.7325364213672021,0.21350078492935637,3340.0,85.0
13.0,agaton,156.8,83.0,123.0,37.6,0.5782634663024773,18 Mar 2022,0.3077564637197665,0.12080057183702649,3340.0,85.0
13.0,agaton,110.8,20.0,71.4,15.2,2.0748355017374713,27 May 2022,0.6941896024464831,0.21624588364434683,3340.0,85.0
14.0,BLT 8-15,198.66666666666666,42.0,137.66666666666666,29.333333333333332,1.7160704730286438,11 Apr 2022,0.6509695290858726,0.18136769078295342,4500.0,141.5
14.0,BLT 8-15,153.22222222222223,51.666666666666664,123.0,41.333333333333336,1.64587199273371,16 May 2022,0.49566160520607383,0.1094127111826227,4500.0,141.5
14.0,BLT 8-15,163.6,80.4,132.4,38.8,0.6795091332009915,18 Mar 2022,0.34098360655737703,0.10540540540540537,4500.0,141.5
14.0,BLT 8-15,129.0,36.0,97.42857142857143,28.142857142857142,1.8028022594572204,27 May 2022,0.5636363636363636,0.1394321766561514,4500.0,141.5
15.0,pop au,119.0,46.333333333333336,92.33333333333333,28.333333333333332,1.0931257672392192,11 Apr 2022,0.439516129032258,0.12618296529968456,388.0,116.0
15.0,pop au,186.85714285714286,44.857142857142854,143.28571428571428,35.142857142857146,1.7990745257682776,16 May 2022,0.6128236744759555,0.13197749891821728,388.0,116.0
15.0,pop au,115.8,91.0,98.2,40.6,0.29248445661429445,18 Mar 2022,0.11992263056092842,0.08224299065420558,388.0,116.0
15.0,pop au,163.0,44.666666666666664,124.16666666666667,32.5,1.5414064809803385,27 May 2022,0.5698234349919744,0.13522925130586183,388.0,116.0
16.0,BLT 8-15,187.33333333333334,28.333333333333332,124.66666666666667,23.333333333333332,2.1871384450459876,11 Apr 2022,0.7372488408037093,0.20085470085470086,4028.0,104.5
16.0,BLT 8-15,239.5,57.5,167.33333333333334,49.0,2.095211592374333,16 May 2022,0.6127946127946128,0.1773863170831626,4028.0,104.5
16.0,BLT 8-15,168.4,73.0,124.2,36.0,0.7679399231430655,18 Mar 2022,0.3951946975973488,0.15105946684894053,4028.0,104.5
16.0,BLT 8-15,134.66666666666666,35.5,92.0,27.166666666666668,1.7424957134074097,27 May 2022,0.5827619980411362,0.18823529411764703,4028.0,104.5
17.0,agaton,170.66666666666666,31.0,122.0,24.0,2.0278204846158534,11 Apr 2022,0.6925619834710743,0.1662870159453303,3755.0,88.0
17.0,agaton,208.5,35.375,134.5,27.25,2.0021735454171843,16 May 2022,0.7098923628908252,0.21574344023323616,3755.0,88.0
17.0,agaton,168.2,83.8,132.0,38.2,0.6467013988886116,18 Mar 2022,0.3349206349206349,0.12058627581612255,3755.0,88.0
17.0,agaton,145.83333333333334,32.0,99.0,21.0,1.5858384186894063,27 May 2022,0.6401124648547329,0.19128658951667804,3755.0,88.0
18.0,BLT 8-15,191.33333333333334,36.333333333333336,134.0,28.0,1.974158502606616,11 Apr 2022,0.6808199121522693,0.1762295081967213,4780.0,144.5
18.0,BLT 8-15,172.0,55.111111111111114,134.44444444444446,42.0,1.5343412431300394,16 May 2022,0.5146771037181996,0.12255257432922403,4780.0,144.5
18.0,BLT 8-15,179.0,76.2,142.0,39.4,0.8423188995234717,18 Mar 2022,0.40282131661442006,0.11526479750778816,4780.0,144.5
18.0,BLT 8-15,182.5,56.5,142.33333333333334,42.333333333333336,1.5879040900605945,27 May 2022,0.5271966527196653,0.12365315546434065,4780.0,144.5
19.0,pop au,131.33333333333334,39.333333333333336,88.33333333333333,22.666666666666668,1.318220823798627,11 Apr 2022,0.5390624999999999,0.1957511380880122,1240.0,116.0
19.0,pop au,181.14285714285714,57.42857142857143,139.0,46.857142857142854,2.1222816201145505,16 May 2022,0.518562874251497,0.13163766175814368,1240.0,116.0
19.0,pop au,154.4,102.0,127.2,45.2,0.3985592946470441,18 Mar 2022,0.20436817472698912,0.09659090909090909,1240.0,116.0
20.0,iso cell,114.0,45.0,87.33333333333333,23.666666666666668,0.8978009036891182,11 Apr 2022,0.4339622641509434,0.13245033112582785,2035.0,66.0
20.0,iso cell,119.14285714285714,43.714285714285715,97.28571428571429,25.285714285714285,1.018586539204703,16 May 2022,0.46315789473684205,0.10099009900990094,2035.0,66.0
20.0,iso cell,158.6,93.6,130.6,43.2,0.5019769469271652,18 Mar 2022,0.2577319587628866,0.09681881051175657,2035.0,66.0
20.0,iso cell,196.0,73.2,169.0,34.2,0.8539739760492472,27 May 2022,0.4561664190193165,0.07397260273972603,2035.0,66.0
21.0,RGA 1,141.33333333333334,35.333333333333336,101.33333333333333,27.0,1.7955630788964123,11 Apr 2022,0.6,0.1648351648351649,2815.0,63.5
21.0,RGA 1,179.57142857142858,45.0,140.42857142857142,27.571428571428573,1.3889304276317727,16 May 2022,0.5992366412213741,0.12232142857142865,2815.0,63.5
21.0,RGA 1,127.4,72.8,104.0,35.0,0.5507669400715942,18 Mar 2022,0.27272727272727276,0.101123595505618,2815.0,63.5
21.0,RGA 1,270.0,51.6,195.0,42.8,2.0790440833617923,27 May 2022,0.6791044776119403,0.16129032258064516,2815.0,63.5
22.0,S1,126.66666666666667,25.666666666666668,88.66666666666667,16.0,1.591648733815078,11 Apr 2022,0.6630196936542669,0.1764705882352941,980.0,128.0
22.0,S1,155.42857142857142,36.0,116.42857142857143,25.714285714285715,1.6842203733407335,16 May 2022,0.6238805970149254,0.14345769837099312,980.0,128.0
22.0,S1,152.6,87.2,121.8,40.6,0.5022686539438844,18 Mar 2022,0.27272727272727265,0.11224489795918367,980.0,128.0
23.0,S6,142.66666666666666,31.0,100.33333333333333,20.333333333333332,1.6567557423933261,11 Apr 2022,0.6429942418426103,0.17421124828532233,1167.0,124.0
23.0,S6,217.625,33.875,154.75,29.875,2.2931777448724158,16 May 2022,0.7306163021868787,0.16884860691507217,1167.0,124.0
23.0,S6,151.6,95.2,122.4,42.4,0.4222815695048644,18 Mar 2022,0.22852512155591567,0.10656934306569339,1167.0,124.0
24.0,BS11,146.66666666666666,31.0,98.0,19.333333333333332,1.5577408197451972,11 Apr 2022,0.6510318949343339,0.19891008174386918,3900.0,82.5
24.0,BS11,201.55555555555554,35.111111111111114,132.33333333333334,29.88888888888889,2.2888396394367128,16 May 2022,0.7032863849765257,0.20732113144758726,3900.0,82.5
24.0,BS11,168.8,79.4,136.8,37.8,0.6864314740974772,18 Mar 2022,0.36019339242546333,0.10471204188481674,3900.0,82.5
24.0,BS11,109.83333333333333,19.5,79.0,13.0,1.7853719080826231,27 May 2022,0.6984536082474228,0.16328331862312445,3900.0,82.5
25.0,BS16,195.33333333333334,32.0,133.66666666666666,25.666666666666668,2.1077006608498174,11 Apr 2022,0.718475073313783,0.18743667679837897,4437.0,105.5
25.0,BS16,158.125,45.0,114.375,39.125,2.07648202576775,16 May 2022,0.556923076923077,0.16055045871559634,4437.0,105.5
25.0,BS16,191.2,77.0,147.8,38.2,0.8201553751198787,18 Mar 2022,0.4258016405667412,0.12802359882005893,4437.0,105.5
25.0,BS16,141.2,41.2,110.2,28.0,1.3858944822290489,27 May 2022,0.5482456140350878,0.1233094669848846,4437.0,105.5
26.0,S5,124.66666666666667,33.0,89.33333333333333,21.333333333333332,1.4565171237473233,11 Apr 2022,0.5813953488372092,0.16510903426791282,880.0,119.0
26.0,S5,183.875,45.875,146.25,34.75,1.7077056116678155,16 May 2022,0.6006528835690969,0.11397198031048845,880.0,119.0
26.0,S5,156.8,91.8,123.6,43.4,0.5047014066841151,18 Mar 2022,0.2614641995172969,0.11840228245363774,880.0,119.0
26.0,S5,160.4,45.4,125.8,35.0,1.7282634821603415,27 May 2022,0.5587949465500486,0.12089447938504545,880.0,119.0
27.0,S9,121.33333333333333,35.666666666666664,89.0,20.333333333333332,1.2283792474124178,11 Apr 2022,0.5456475583864119,0.1537242472266244,508.0,110.5
27.0,S9,176.28571428571428,34.857142857142854,132.85714285714286,28.428571428571427,2.028015585942225,16 May 2022,0.6698240866035182,0.14048059149722733,508.0,110.5
27.0,S9,147.0,88.8,114.2,40.8,0.46514697849681524,18 Mar 2022,0.24681933842239187,0.12557427258805512,508.0,110.5
27.0,S9,184.5,57.5,138.33333333333334,40.0,1.3951296457410065,27 May 2022,0.5247933884297521,0.143004646360351,508.0,110.5
28.0,BS15,113.0,35.333333333333336,87.0,20.0,1.2219273071841947,11 Apr 2022,0.5235955056179774,0.13,2304.0,94.0
28.0,BS15,124.75,39.5,99.125,31.125,1.7094912327899,16 May 2022,0.5190258751902588,0.11446119486320491,2304.0,94.0
28.0,BS15,143.4,95.2,115.2,44.0,0.3912778820426862,18 Mar 2022,0.20201173512154233,0.10904872389791183,2304.0,94.0
28.0,BS15,185.14285714285714,67.71428571428571,139.42857142857142,56.42857142857143,1.7160203617693526,27 May 2022,0.464406779661017,0.14084507042253525,2304.0,94.0
29.0,BS19,117.66666666666667,36.666666666666664,84.33333333333333,24.333333333333332,1.3456424360077792,11 Apr 2022,0.5248380129589633,0.16501650165016507,1090.0,118.0
29.0,BS19,197.42857142857142,42.0,148.42857142857142,35.714285714285715,2.1004281837100836,16 May 2022,0.6491646778042959,0.14167699297810823,1090.0,118.0
29.0,BS19,152.0,105.0,125.2,46.6,0.3544743747720186,18 Mar 2022,0.1828793774319066,0.09668109668109667,1090.0,118.0
29.0,BS19,170.8,60.6,129.8,50.4,1.7652042440833289,27 May 2022,0.47623163353500436,0.13639387890884896,1090.0,118.0
30.0,RGA1,159.33333333333334,30.333333333333332,111.0,25.0,2.119328451668163,11 Apr 2022,0.680140597539543,0.17879161528976573,3965.0,77.5
30.0,RGA1,162.75,30.625,119.625,19.0,1.6144385963594903,16 May 2022,0.6832579185520362,0.15272244355909695,3965.0,77.5
30.0,RGA1,191.4,95.2,153.0,44.6,0.6175549256196398,18 Mar 2022,0.33565945568736916,0.11149825783972128,3965.0,77.5
30.0,RGA1,166.83333333333334,37.166666666666664,129.16666666666666,20.5,1.3669206548967996,27 May 2022,0.6356209150326798,0.1272522522522523,3965.0,77.5
31.0,RGA2,128.0,33.0,90.33333333333333,21.0,1.4106247283301105,11 Apr 2022,0.5900621118012422,0.1725190839694657,3220.0,71.5
31.0,RGA2,201.625,41.875,150.75,30.75,1.7917955815696964,16 May 2022,0.6560574948665298,0.14437743880808798,3220.0,71.5
31.0,RGA2,154.75,99.0,125.5,44.5,0.40434012747463377,18 Mar 2022,0.21970443349753693,0.10437109723461195,3220.0,71.5
31.0,RGA2,249.85714285714286,60.857142857142854,197.42857142857142,32.857142857142854,1.302668293443001,27 May 2022,0.6082758620689656,0.11721494730118177,3220.0,71.5
32.0,BS16,140.33333333333334,35.666666666666664,99.33333333333333,20.666666666666668,1.3323062279804523,11 Apr 2022,0.5946969696969698,0.1710709318497914,4120.0,96.0
32.0,BS16,262.6,81.6,193.2,72.4,2.1400357571204465,16 May 2022,0.5258570598489251,0.1522597630539711,4120.0,96.0
32.0,BS16,196.2,90.6,158.4,44.4,0.7103795917838862,18 Mar 2022,0.3682008368200837,0.10659898477157355,4120.0,96.0
32.0,BS16,98.33333333333333,25.666666666666668,72.66666666666667,19.666666666666668,1.7698707364003436,27 May 2022,0.586021505376344,0.1500974658869395,4120.0,96.0
33.0,BS12,108.0,35.0,81.66666666666667,19.0,1.0988287710488327,11 Apr 2022,0.5104895104895105,0.13884007029876974,3983.0,76.0
33.0,BS12,207.5,46.166666666666664,145.5,36.5,1.915590375223574,16 May 2022,0.6360052562417872,0.17563739376770537,3983.0,76.0
33.0,BS12,171.5,83.33333333333333,133.16666666666666,40.5,0.6562952647804451,18 Mar 2022,0.34597776324395035,0.12582056892778998,3983.0,76.0
33.0,BS12,128.6,33.8,95.6,22.2,1.4408514136765576,27 May 2022,0.583743842364532,0.1471900089206066,3983.0,76.0
34.0,S6,115.66666666666667,34.666666666666664,87.66666666666667,21.0,1.2839612595938175,11 Apr 2022,0.5388026607538803,0.13770491803278687,798.0,110.0
34.0,S6,167.16666666666666,63.5,138.66666666666666,53.666666666666664,3.6142737000159264,16 May 2022,0.44942196531791906,0.09318801089918256,798.0,110.0
34.0,S6,146.57142857142858,100.42857142857143,121.14285714285714,46.857142857142854,0.3788712923389871,18 Mar 2022,0.18681318681318684,0.09498399146211318,798.0,110.0
34.0,S6,120.16666666666667,41.666666666666664,96.5,27.5,1.2180578990295619,27 May 2022,0.4850669412976313,0.10923076923076924,798.0,110.0
35.0,S2,121.33333333333333,42.666666666666664,89.0,23.666666666666668,1.034043913969759,11 Apr 2022,0.4796747967479674,0.1537242472266244,434.0,109.5
35.0,S2,181.5,51.125,140.875,36.125,1.5437912594016021,16 May 2022,0.5604513702310586,0.1260178363706863,434.0,109.5
35.0,S2,152.14285714285714,113.57142857142857,124.85714285714286,48.857142857142854,0.2952629825709989,18 Mar 2022,0.14516129032258063,0.09850438370293962,434.0,109.5
35.0,S2,89.6,22.8,68.0,17.2,1.6386847096009851,27 May 2022,0.594306049822064,0.13705583756345174,434.0,109.5
36.0,BAS17,125.0,32.666666666666664,89.33333333333333,20.666666666666668,1.4343458388878307,11 Apr 2022,0.5856236786469345,0.1664074650077761,938.0,112.0
36.0,BAS17,235.71428571428572,46.285714285714285,175.28571428571428,38.42857142857143,2.0723581531263426,16 May 2022,0.6717325227963526,0.14702815432742444,938.0,112.0
36.0,BAS17,171.4,102.2,140.4,47.0,0.4958748865641923,18 Mar 2022,0.2529239766081871,0.09942270686337396,938.0,112.0
36.0,BAS17,73.66666666666667,20.833333333333332,57.333333333333336,14.166666666666666,1.3959765303171896,27 May 2022,0.5590828924162259,0.1246819338422392,938.0,112.0
37.0,BS12,138.0,39.0,102.33333333333333,22.0,1.2759542680959883,11 Apr 2022,0.559322033898305,0.14840499306518729,4210.0,80.5
37.0,BS12,303.5,59.0,207.625,52.25,2.2718741164738505,16 May 2022,0.6744827586206896,0.1875764245536806,4210.0,80.5
37.0,BS12,185.0,91.75,146.75,43.75,0.6465658347947045,18 Mar 2022,0.3369467028003613,0.11529766390354182,4210.0,80.5
37.0,BS12,185.28571428571428,35.0,132.28571428571428,26.428571428571427,1.9075667324024177,27 May 2022,0.682230869001297,0.16689158794421954,4210.0,80.5
38.0,S7,142.33333333333334,39.666666666666664,101.66666666666667,24.666666666666668,1.380046854924306,11 Apr 2022,0.5641025641025642,0.16666666666666669,1540.0,121.5
38.0,S7,200.71428571428572,49.57142857142857,145.28571428571428,49.42857142857143,-23.50349546172526,16 May 2022,0.6038812785388129,0.16019818331957064,1540.0,121.5
38.0,S7,178.0,116.0,142.0,50.4,0.37518819195606007,18 Mar 2022,0.2108843537414966,0.1125,1540.0,121.5
39.0,S2,129.33333333333334,44.333333333333336,100.33333333333333,24.666666666666668,1.085631504252505,11 Apr 2022,0.48944337811900185,0.12626995645863576,1283.0,116.0
39.0,S2,211.2,44.6,157.0,38.2,2.1481452622460475,16 May 2022,0.6512900703674747,0.1472026072786529,1283.0,116.0
39.0,S2,174.6,113.6,145.6,50.4,0.4008327889148485,18 Mar 2022,0.2116585704371964,0.0905683947532792,1283.0,116.0
40.0,RGA2,154.66666666666666,55.0,119.0,31.333333333333332,1.0693639693639694,11 Apr 2022,0.4753577106518283,0.13032886723507917,2115.0,59.0
40.0,RGA2,135.66666666666666,45.0,110.83333333333333,31.0,1.349512919166864,16 May 2022,0.5018450184501845,0.10074374577417172,2115.0,59.0
40.0,RGA2,186.85714285714286,112.57142857142857,154.0,52.0,0.46378235894666314,18 Mar 2022,0.2480916030534351,0.09639564124057,2115.0,59.0
40.0,RGA2,178.0,63.666666666666664,154.66666666666666,31.5,0.927342055060913,27 May 2022,0.47310344827586215,0.07014028056112229,2115.0,59.0
41.0,RGA3,137.0,43.0,106.33333333333333,23.666666666666668,1.1648608984741466,11 Apr 2022,0.5222222222222223,0.126027397260274,2374.0,64.5
41.0,RGA3,162.14285714285714,54.714285714285715,137.71428571428572,37.857142857142854,1.3738656866559127,16 May 2022,0.4953886693017127,0.08146736541210095,2374.0,64.5
41.0,RGA3,192.77777777777777,95.88888888888889,155.66666666666666,46.111111111111114,0.6280403415362128,18 Mar 2022,0.3356428021555043,0.10650510204081633,2374.0,64.5
41.0,RGA3,392.85714285714283,113.14285714285714,328.2857142857143,56.285714285714285,1.0826845123448656,27 May 2022,0.5527950310559006,0.08954041204437399,2374.0,64.5
42.0,S3,112.33333333333333,44.0,81.0,26.0,1.011142475663928,11 Apr 2022,0.43710021321961623,0.16206896551724137,718.0,109.5
42.0,S3,213.625,59.125,160.0,58.25,1.3961716526225194,16 May 2022,0.5664527956003667,0.14352626296420207,718.0,109.5
42.0,S3,170.14285714285714,110.85714285714286,139.28571428571428,49.42857142857143,0.40632301902431855,18 Mar 2022,0.21098118962887644,0.0997229916897507,718.0,109.5
43.0,S8,124.0,27.333333333333332,86.66666666666667,17.0,1.5418858122858303,11 Apr 2022,0.6387665198237885,0.1772151898734177,944.0,125.5
43.0,S8,253.28571428571428,52.857142857142854,184.28571428571428,51.57142857142857,3.0391393349698546,16 May 2022,0.6546896873541764,0.15768854064642507,944.0,125.5
43.0,S8,172.71428571428572,107.85714285714286,141.57142857142858,48.142857142857146,0.4393585778417816,18 Mar 2022,0.23116089613034627,0.09909090909090906,944.0,125.5
44.0,BS13,135.0,36.0,94.33333333333333,23.333333333333332,1.5387228096282939,11 Apr 2022,0.5789473684210527,0.17732558139534887,3118.0,105.0
44.0,BS13,422.125,51.875,296.625,46.125,2.3580997869319247,16 May 2022,0.7811181434599156,0.1746086956521739,3118.0,105.0
44.0,BS13,200.0,88.0,158.0,41.0,0.7314285714285714,18 Mar 2022,0.3888888888888889,0.11731843575418995,3118.0,105.0
44.0,BS13,301.3333333333333,64.33333333333333,231.66666666666666,48.166666666666664,1.7532069793014602,27 May 2022,0.6481312670920694,0.13070669168230142,3118.0,105.0
45.0,BS18,111.66666666666667,67.33333333333333,88.66666666666667,34.333333333333336,0.5717079933514585,11 Apr 2022,0.24767225325884548,0.11480865224625623,1217.0,115.5
45.0,BS18,137.0,50.285714285714285,112.71428571428571,41.857142857142854,0.19668892200944918,16 May 2022,0.46300533943554545,0.09725400457665906,1217.0,115.5
45.0,BS18,151.28571428571428,114.85714285714286,125.85714285714286,50.0,0.2760331857982855,18 Mar 2022,0.1368760064412238,0.0917525773195876,1217.0,115.5
46.0,S4,88.0,47.0,74.5,20.5,0.6453384688924841,11 Apr 2022,0.3037037037037037,0.08307692307692308,686.0,111.5
46.0,S4,183.0,49.142857142857146,145.57142857142858,39.42857142857143,1.7629297548002136,16 May 2022,0.5766153846153846,0.11391304347826084,686.0,111.5
46.0,S4,153.4,108.0,127.4,47.6,0.3459402110741086,18 Mar 2022,0.1736801836266259,0.09259259259259259,686.0,111.5
46.0,S4,125.8,37.0,97.6,28.2,1.6029746616971294,27 May 2022,0.5454545454545454,0.12623097582811105,686.0,111.5
47.0,S8,143.0,37.0,106.66666666666667,22.333333333333332,1.4138966882811828,11 Apr 2022,0.5888888888888889,0.14552736982643522,550.0,117.5
47.0,S8,180.33333333333334,54.0,145.66666666666666,37.166666666666664,1.3847774928869583,16 May 2022,0.5391180654338549,0.10633946830265854,550.0,117.5
47.0,S8,167.8,106.0,138.2,50.0,0.44092065508988065,18 Mar 2022,0.2257121986851717,0.09673202614379092,550.0,117.5
47.0,S8,89.6,30.2,71.2,23.2,1.4745465354480698,27 May 2022,0.49582637729549245,0.11442786069651735,550.0,117.5
48.0,BS14,140.66666666666666,33.333333333333336,99.66666666666667,20.0,1.481695692222008,11 Apr 2022,0.6168582375478926,0.17059639389736472,1050.0,80.0
48.0,BS14,242.75,72.625,188.875,63.25,0.9885941326275839,16 May 2022,0.5394371779627428,0.12481899797277729,1050.0,80.0
48.0,BS14,190.5,93.25,153.5,45.5,0.6654105646281024,18 Mar 2022,0.34273127753303967,0.10755813953488372,1050.0,80.0
48.0,BS14,161.0,45.833333333333336,124.0,30.166666666666668,1.378289368918627,27 May 2022,0.5568090249798548,0.12982456140350876,1050.0,80.0
49.0,BS18,144.33333333333334,32.666666666666664,103.66666666666667,21.666666666666668,1.61777140412414,11 Apr 2022,0.6308851224105463,0.16397849462365593,980.0,119.5
49.0,BS18,153.57142857142858,42.714285714285715,117.85714285714286,30.714285714285715,1.6050035631096125,16 May 2022,0.5647743813682677,0.13157894736842107,980.0,119.5
49.0,BS18,170.16666666666666,98.66666666666667,138.66666666666666,47.0,0.514178610702698,18 Mar 2022,0.2659640421574705,0.10199676200755532,980.0,119.5
49.0,BS18,119.77777777777777,33.77777777777778,94.22222222222223,25.333333333333332,1.614143118658288,27 May 2022,0.5600578871201158,0.11941848390446515,980.0,119.5
50.0,RGA3,169.0,37.666666666666664,124.33333333333333,25.666666666666668,1.6680163326755508,11 Apr 2022,0.6354838709677421,0.1522727272727273,3820.0,76.0
50.0,RGA3,149.5,25.5,111.16666666666667,17.666666666666668,1.8581832167472083,16 May 2022,0.7085714285714285,0.14705882352941174,3820.0,76.0
50.0,RGA3,194.0,86.66666666666667,154.33333333333334,43.166666666666664,0.7325808595019372,18 Mar 2022,0.38242280285035624,0.11387559808612437,3820.0,76.0
50.0,RGA3,233.5,48.0,177.33333333333334,28.666666666666668,1.5091884005286256,27 May 2022,0.6589698046181173,0.13671399594320482,3820.0,76.0
51.0,RGA4,187.0,34.0,130.0,23.0,1.811730470022136,11 Apr 2022,0.6923076923076923,0.17981072555205047,4232.0,81.0
51.0,RGA4,215.5,34.833333333333336,157.0,24.166666666666668,1.842406383544495,16 May 2022,0.7217043941411451,0.15704697986577182,4232.0,81.0
51.0,RGA4,187.0,88.4,149.6,43.4,0.6706663948178876,18 Mar 2022,0.3580246913580247,0.11111111111111112,4232.0,81.0
51.0,RGA4,350.0,79.25,266.375,44.625,1.269239049699325,27 May 2022,0.6307513104251602,0.13567227742851348,4232.0,81.0
52.0,BS20,91.66666666666667,20.666666666666668,65.0,12.666666666666666,1.5377533257518392,11 Apr 2022,0.6320474777448071,0.1702127659574468,600.0,120.0
52.0,BS20,182.28571428571428,49.142857142857146,145.14285714285714,34.42857142857143,1.4878960333624394,16 May 2022,0.5753086419753086,0.11343804537521814,600.0,120.0
52.0,BS20,167.0,100.6,135.6,44.2,0.4627937063989481,18 Mar 2022,0.24813153961136025,0.10376734963648382,600.0,120.0
52.0,BS20,155.83333333333334,36.833333333333336,123.33333333333333,28.0,1.7693097672501856,27 May 2022,0.6176470588235293,0.11641791044776123,600.0,120.0
53.0,BS11,78.66666666666667,21.333333333333332,59.0,11.666666666666666,1.2342850616963754,11 Apr 2022,0.5733333333333335,0.14285714285714288,3400.0,77.0
53.0,BS11,158.28571428571428,35.857142857142854,113.71428571428571,27.571428571428573,2.5387208302979403,16 May 2022,0.6306107431935246,0.1638655462184874,3400.0,77.0
53.0,BS11,207.42857142857142,88.14285714285714,165.0,43.714285714285715,0.786365638179036,18 Mar 2022,0.4035766070565491,0.11392405063291136,3400.0,77.0
53.0,BS11,163.5,40.75,118.25,27.5,1.547815389119737,27 May 2022,0.6009791921664627,0.160603371783496,3400.0,77.0
54.0,S10,95.33333333333333,32.0,76.66666666666667,14.333333333333334,1.0209348250198158,11 Apr 2022,0.49738219895287955,0.10852713178294568,622.0,117.0
54.0,S10,182.16666666666666,58.5,140.33333333333334,52.5,0.47920161899450003,16 May 2022,0.5138504155124654,0.12971576227390175,622.0,117.0
54.0,S10,141.58333333333334,96.16666666666667,114.33333333333333,42.083333333333336,0.3671061462179684,18 Mar 2022,0.19102698913424468,0.10647997394985352,622.0,117.0
54.0,S10,178.0,46.4,136.8,37.4,1.968983305202944,27 May 2022,0.5864527629233511,0.1308767471410419,622.0,117.0
55.0,S1,79.66666666666667,33.333333333333336,61.333333333333336,17.666666666666668,0.9096622986043325,11 Apr 2022,0.41002949852507375,0.13002364066193856,532.0,113.0
55.0,S1,284.85714285714283,66.0,211.85714285714286,57.42857142857143,2.2439530589996455,16 May 2022,0.6237785016286644,0.14696577509347133,532.0,113.0
55.0,S1,140.4,97.6,115.0,42.6,0.3478194711838826,18 Mar 2022,0.1798319327731093,0.09945184025058733,532.0,113.0
55.0,S1,215.16666666666666,56.0,169.0,44.5,1.89541715696536,27 May 2022,0.5869698832206516,0.12017353579175703,532.0,113.0
56.0,BS19,90.33333333333333,28.0,66.0,18.333333333333332,1.3721131045297843,11 Apr 2022,0.5267605633802817,0.1556503198294243,1667.0,112.0
56.0,BS19,188.85714285714286,52.57142857142857,148.28571428571428,46.142857142857146,2.149193529767099,16 May 2022,0.5644970414201183,0.1203389830508475,1667.0,112.0
56.0,BS19,107.27272727272727,58.54545454545455,86.36363636363636,27.09090909090909,0.5575392166158586,18 Mar 2022,0.293859649122807,0.10798122065727699,1667.0,112.0
57.0,BS14,105.0,34.333333333333336,78.66666666666667,17.333333333333332,1.0596904642939318,11 Apr 2022,0.5071770334928228,0.14337568058076222,1295.0,86.5
57.0,BS14,190.0,56.5,150.16666666666666,49.833333333333336,2.321465734057162,16 May 2022,0.5415821501014199,0.11709946104850567,1295.0,86.5
57.0,BS14,135.55555555555554,72.0,106.66666666666667,34.111111111111114,0.5892575305623657,18 Mar 2022,0.30620985010706636,0.11926605504587148,1295.0,86.5
57.0,BS14,148.2,43.6,113.8,29.2,1.376017459427128,27 May 2022,0.5453597497393118,0.1312977099236641,1295.0,86.5
58.0,S9,106.0,28.333333333333332,79.33333333333333,17.666666666666668,1.4070529545141415,11 Apr 2022,0.5781637717121588,0.14388489208633098,1218.0,119.5
58.0,S9,214.57142857142858,75.42857142857143,164.14285714285714,83.42857142857143,7.763943150359248,16 May 2022,0.47980295566502473,0.1331572991324029,1218.0,119.5
58.0,S9,134.71428571428572,86.14285714285714,108.71428571428571,39.42857142857143,0.44660767340071894,18 Mar 2022,0.21992238033635192,0.10680751173708926,1218.0,119.5
59.0,S4,127.66666666666667,47.0,109.66666666666667,25.333333333333332,1.0772354901087169,11 Apr 2022,0.4618320610687023,0.07584269662921347,840.0,113.0
59.0,S4,137.0,57.285714285714285,109.57142857142857,43.42857142857143,1.3885981369147358,16 May 2022,0.41029411764705886,0.11123986095017382,840.0,113.0
59.0,S4,119.5,84.0,96.0,36.666666666666664,0.343196276873418,18 Mar 2022,0.17444717444717445,0.10904872389791183,840.0,113.0
60.0,RGA4,176.8,42.2,129.0,30.4,1.804947167663157,11 Apr 2022,0.6146118721461188,0.1563113145846959,3028.0,67.5
60.0,RGA4,225.57142857142858,65.0,178.14285714285714,50.0,-1.1507137008121044,16 May 2022,0.552605703048181,0.1174805378627035,3028.0,67.5
60.0,RGA4,169.5,74.75,135.75,37.25,0.7704227255532958,18 Mar 2022,0.38792221084953943,0.11056511056511056,3028.0,67.5
60.0,RGA4,329.0,101.66666666666667,272.5,51.333333333333336,1.0503166255359098,27 May 2022,0.5278637770897832,0.09393183707398171,3028.0,67.5
61.0,RGA5,175.75,37.75,127.0,25.25,1.6289792179473335,11 Apr 2022,0.6463700234192038,0.1610239471511148,3230.0,66.0
61.0,RGA5,159.85714285714286,37.0,125.0,23.428571428571427,1.4645031090525615,16 May 2022,0.6240928882438317,0.12236710130391174,3230.0,66.0
61.0,RGA5,148.5,67.0,116.25,34.5,0.757348194727699,18 Mar 2022,0.37819025522041766,0.12181303116147309,3230.0,66.0
61.0,RGA5,388.6666666666667,101.66666666666667,319.1666666666667,51.166666666666664,1.1549051754511919,27 May 2022,0.585316111488783,0.09818695549799858,3230.0,66.0
62.0,S5,137.5,35.5,95.0,21.0,1.3750795234135333,11 Apr 2022,0.5895953757225434,0.1827956989247312,1325.0,119.5
62.0,S5,178.71428571428572,33.42857142857143,128.14285714285714,27.714285714285715,2.0848990415629154,16 May 2022,0.6848484848484847,0.16480446927374304,1325.0,119.5
62.0,S5,121.42857142857143,78.71428571428571,98.0,35.857142857142854,0.4147337483971283,18 Mar 2022,0.21341898643825843,0.10677083333333333,1325.0,119.5
63.0,S10,148.25,34.25,105.5,22.0,1.5580691857350866,11 Apr 2022,0.6246575342465753,0.1684729064039409,1120.0,126.5
63.0,S10,178.66666666666666,37.166666666666664,129.33333333333334,32.166666666666664,2.2113944165404225,16 May 2022,0.6555984555984556,0.1601731601731601,1120.0,126.5
63.0,S10,151.2,90.4,121.2,42.2,0.47781194830285967,18 Mar 2022,0.2516556291390728,0.11013215859030832,1120.0,126.5
64.0,BS15,106.6,33.6,78.4,20.6,1.2516750345974912,11 Apr 2022,0.5206847360912982,0.15243243243243237,3270.0,98.5
64.0,BS15,128.625,39.875,98.625,32.25,1.7793637793222485,16 May 2022,0.526706231454006,0.132013201320132,3270.0,98.5
64.0,BS15,128.6,88.4,104.0,38.6,0.34984591252644465,18 Mar 2022,0.1852534562211981,0.10576096302665518,3270.0,98.5
65.0,BS20,116.0,37.333333333333336,87.33333333333333,21.666666666666668,1.1873289361511195,11 Apr 2022,0.5130434782608695,0.14098360655737707,1240.0,111.0
65.0,BS20,142.0,41.125,112.625,31.25,1.6662547576049251,16 May 2022,0.5508532423208191,0.11536573392243496,1240.0,111.0
65.0,BS20,136.2,93.6,111.2,42.8,0.3658039481982371,18 Mar 2022,0.18537859007832896,0.1010509296685529,1240.0,111.0
66.0,S3,159.0,29.333333333333332,107.33333333333333,21.333333333333332,1.8984149563096933,11 Apr 2022,0.6884955752212388,0.19399249061326662,1743.0,109.0
66.0,S3,286.14285714285717,37.42857142857143,203.0,35.857142857142854,2.5876396806665865,16 May 2022,0.768653421633554,0.16997663551401873,1743.0,109.0
66.0,S3,163.4,87.4,129.0,42.0,0.5818954618487202,18 Mar 2022,0.30303030303030304,0.11764705882352944,1743.0,109.0
66.0,S3,200.6,40.0,138.4,35.8,2.2943643364567103,27 May 2022,0.6674979218620116,0.18348082595870202,1743.0,109.0
67.0,S7,115.33333333333333,36.0,92.33333333333333,17.666666666666668,1.1093113087483728,11 Apr 2022,0.5242290748898679,0.11075441412520065,580.0,111.5
67.0,S7,131.2,55.8,107.6,35.4,1.0178122634961535,16 May 2022,0.40320855614973256,0.09882747068676716,580.0,111.5
67.0,S7,141.2,96.8,120.0,43.4,0.3803849768233513,18 Mar 2022,0.18655462184873947,0.08116385911179169,580.0,111.5
67.0,S7,131.6,42.8,100.6,30.2,1.3349359539910455,27 May 2022,0.5091743119266056,0.1335055986218777,580.0,111.5
68.0,BS13,170.0,34.0,118.33333333333333,19.333333333333332,1.5184573389904361,11 Apr 2022,0.6666666666666666,0.17919075144508673,3480.0,105.0
68.0,BS13,209.57142857142858,30.142857142857142,145.71428571428572,23.142857142857142,2.0752619561422696,16 May 2022,0.7485101311084625,0.17973462002412544,3480.0,105.0
68.0,BS13,173.4,75.4,134.2,36.0,0.7660300148176219,18 Mar 2022,0.39389067524115756,0.1274382314694409,3480.0,105.0
68.0,BS13,218.8,37.4,151.8,29.0,1.9826575096887922,27 May 2022,0.7080405932864949,0.18078791149487317,3480.0,105.0
69.0,BS17,141.66666666666666,34.0,102.0,20.0,1.4568575629917095,11 Apr 2022,0.6129032258064516,0.16279069767441856,853.0,106.0
69.0,BS17,120.71428571428571,30.285714285714285,91.85714285714286,23.714285714285715,1.9929443905196262,16 May 2022,0.5988647114474929,0.13575268817204297,853.0,106.0
69.0,BS17,146.8,90.4,117.4,40.8,0.46420987339207115,18 Mar 2022,0.23777403035413155,0.11127933383800151,853.0,106.0
69.0,BS17,80.2,25.8,62.4,14.4,1.3132756138114043,27 May 2022,0.5132075471698114,0.1248246844319776,853.0,106.0
70.0,RGA5,156.0,58.0,115.0,28.0,0.8637873754152824,11 Apr 2022,0.45794392523364486,0.15129151291512916,3696.0,71.0
70.0,RGA5,110.5,31.5,86.25,20.375,1.4017038602319638,16 May 2022,0.5563380281690141,0.12325285895806862,3696.0,71.0
70.0,RGA5,170.8,85.0,135.2,41.4,0.6403913289642225,18 Mar 2022,0.3354182955433933,0.11633986928104582,3696.0,71.0
70.0,RGA5,228.2,44.4,167.6,26.2,1.5143955792825243,27 May 2022,0.6742479823917829,0.1531076301162203,3696.0,71.0
71.0,RGA1,160.2,45.8,116.4,28.0,1.3430212170492286,11 Apr 2022,0.5553398058252427,0.15835140997830796,3552.0,71.0
71.0,RGA1,135.14285714285714,28.285714285714285,102.42857142857143,18.428571428571427,1.6095434605796732,16 May 2022,0.653846153846154,0.13770294648226095,3552.0,71.0
71.0,RGA1,160.0,92.5,129.75,42.75,0.5048182695832439,18 Mar 2022,0.26732673267326734,0.10440034512510785,3552.0,71.0
71.0,RGA1,272.4,53.0,205.0,27.8,1.402976626888819,27 May 2022,0.6742470805162877,0.14118139924591533,3552.0,71.0
72.0,BS15,108.5,37.0,85.25,21.75,1.1403620100111715,11 Apr 2022,0.49140893470790376,0.12,2075.0,87.5
72.0,BS15,92.0,39.57142857142857,76.85714285714286,26.571428571428573,1.0454554602271473,16 May 2022,0.39847991313789366,0.08967851099830793,2075.0,87.5
72.0,BS15,146.2,108.0,120.4,46.2,0.3001274011953375,18 Mar 2022,0.15027537372147912,0.09677419354838702,2075.0,87.5
72.0,BS15,121.0,50.8,97.8,36.0,1.1238474393592661,27 May 2022,0.4086146682188591,0.1060329067641682,2075.0,87.5
73.0,BS20,119.25,39.5,95.75,21.5,1.0606840157896495,11 Apr 2022,0.5023622047244094,0.10930232558139535,718.0,116.0
73.0,BS20,116.42857142857143,40.57142857142857,96.14285714285714,27.142857142857142,1.3095432678687982,16 May 2022,0.4831665150136488,0.09543010752688176,718.0,116.0
73.0,BS20,145.8,99.4,117.2,42.0,0.344403471916266,18 Mar 2022,0.18923327895595432,0.10874524714828901,718.0,116.0
73.0,BS20,95.0,29.2,76.8,20.2,1.364396474015835,27 May 2022,0.5297906602254427,0.10593713620488941,718.0,116.0
74.0,S5,108.5,44.5,93.5,21.75,0.9333942197411202,11 Apr 2022,0.41830065359477125,0.07425742574257425,446.0,109.5
74.0,S5,126.5,51.5,104.0,38.333333333333336,1.3467021744531866,16 May 2022,0.42134831460674155,0.09761388286334056,446.0,109.5
74.0,S5,139.0,95.06666666666666,111.13333333333334,42.8,0.35669777558642857,18 Mar 2022,0.18769581315864428,0.11140724946695094,446.0,109.5
74.0,S5,104.2,35.4,83.0,23.0,1.2235254406971787,27 May 2022,0.49283667621776517,0.11324786324786328,446.0,109.5
75.0,S10,,,,,,11 Apr 2022,,,583.0,105.5
75.0,S10,110.5,53.5,93.16666666666667,41.5,1.3802617264695467,16 May 2022,0.3475609756097561,0.08510638297872337,583.0,105.5
75.0,S10,136.8,95.6,112.0,42.4,0.3417306948121967,18 Mar 2022,0.17728055077452676,0.09967845659163992,583.0,105.5
75.0,S10,93.6,30.8,74.6,20.4,1.3221395267267821,27 May 2022,0.504823151125402,0.11296076099881094,583.0,105.5
76.0,BS11,136.75,40.5,108.25,26.5,1.4046133588220182,11 Apr 2022,0.5430183356840621,0.11632653061224489,2720.0,70.5
76.0,BS11,135.71428571428572,44.57142857142857,100.28571428571429,29.714285714285715,1.2943299196155977,16 May 2022,0.5055467511885896,0.15012106537530268,2720.0,70.5
76.0,BS11,179.6,92.6,146.8,45.4,0.619526457689805,18 Mar 2022,0.319617927994122,0.10049019607843132,2720.0,70.5
76.0,BS11,88.0,30.666666666666668,66.66666666666667,18.333333333333332,1.1079982247749007,27 May 2022,0.4831460674157303,0.13793103448275856,2720.0,70.5
77.0,BS20,111.0,47.75,86.5,25.25,0.7899089826781676,11 Apr 2022,0.3984251968503937,0.1240506329113924,1235.0,122.5
77.0,BS20,147.16666666666666,47.5,117.0,40.333333333333336,2.0597110265654344,16 May 2022,0.511986301369863,0.1141955835962145,1235.0,122.5
77.0,BS20,144.4,108.6,120.8,47.0,0.28946849876148173,18 Mar 2022,0.14150197628458502,0.08898944193061843,1235.0,122.5
78.0,S1,132.75,43.75,100.5,24.0,1.1038863036601607,11 Apr 2022,0.5042492917847026,0.1382636655948553,1400.0,123.5
78.0,S1,159.16666666666666,42.333333333333336,117.83333333333333,33.333333333333336,1.7706974062492105,16 May 2022,0.5798180314309346,0.14921780986762934,1400.0,123.5
78.0,S1,139.8,96.0,113.2,43.2,0.35848333745797056,18 Mar 2022,0.18575063613231557,0.10513833992094865,1400.0,123.5
79.0,S10,103.66666666666667,42.0,80.66666666666667,19.333333333333332,0.8392120389902238,11 Apr 2022,0.42334096109839814,0.12477396021699819,1260.0,104.0
79.0,S10,147.85714285714286,56.285714285714285,117.71428571428571,40.857142857142854,1.4204071662998354,16 May 2022,0.4485654303708888,0.113501882732652,1260.0,104.0
79.0,S10,131.2,98.4,108.0,44.4,0.3178504352548908,18 Mar 2022,0.1428571428571428,0.09698996655518391,1260.0,104.0
80.0,RGA1,140.0,41.0,102.0,25.4,1.2729854499318574,11 Apr 2022,0.5469613259668509,0.15702479338842976,4330.0,66.0
80.0,RGA1,182.83333333333334,37.166666666666664,140.0,24.833333333333332,1.6250840629825125,16 May 2022,0.6621212121212122,0.13267940113577698,4330.0,66.0
80.0,RGA1,175.6,101.8,144.6,48.6,0.49845542801136544,18 Mar 2022,0.26604181687094447,0.09681449094316052,4330.0,66.0
80.0,RGA1,198.83333333333334,44.333333333333336,154.33333333333334,25.833333333333332,1.386041362342911,27 May 2022,0.6353666895133653,0.12600283152430392,4330.0,66.0
81.0,RGA2,141.33333333333334,45.666666666666664,110.33333333333333,30.0,1.3353960324096865,11 Apr 2022,0.5115864527629235,0.12317880794701991,3713.0,61.5
81.0,RGA2,176.16666666666666,47.166666666666664,138.66666666666666,32.166666666666664,1.4128639501006506,16 May 2022,0.5776119402985075,0.11911064055055585,3713.0,61.5
81.0,RGA2,155.6,86.2,121.0,40.6,0.5360665549983811,18 Mar 2022,0.2870140612076095,0.12509038322487342,3713.0,61.5
81.0,RGA2,211.5,63.833333333333336,174.5,33.833333333333336,1.0659189196407772,27 May 2022,0.5363196125907991,0.09585492227979274,3713.0,61.5
82.0,S8,111.5,36.0,82.75,20.25,1.1739775382641617,11 Apr 2022,0.511864406779661,0.148005148005148,2379.0,107.5
82.0,S8,130.57142857142858,48.714285714285715,106.0,31.571428571428573,1.160946504482105,16 May 2022,0.45657370517928286,0.10386473429951695,2379.0,107.5
82.0,S8,140.8,100.8,115.8,42.8,0.3280597082233074,18 Mar 2022,0.1655629139072848,0.09742790335151992,2379.0,107.5
83.0,S3,150.0,46.0,108.5,22.5,1.0285072652321365,11 Apr 2022,0.5306122448979592,0.16054158607350097,2350.0,107.0
83.0,S3,192.33333333333334,48.666666666666664,149.66666666666666,36.166666666666664,1.6714477349097496,16 May 2022,0.5961272475795298,0.12475633528265112,2350.0,107.0
83.0,S3,131.2,94.6,108.4,42.0,0.3158231842544261,18 Mar 2022,0.16209034543844109,0.09515859766277121,2350.0,107.0
84.0,BS18,115.0,46.333333333333336,84.66666666666667,21.666666666666668,0.7794175134292898,11 Apr 2022,0.4256198347107437,0.15191986644407343,2293.0,116.5
84.0,BS18,134.5,50.0,111.0,36.0,1.3653189864794408,16 May 2022,0.45799457994579945,0.09572301425661914,2293.0,116.5
84.0,BS18,136.2,96.4,111.6,41.6,0.34058684240158615,18 Mar 2022,0.17110920034393803,0.099273607748184,2293.0,116.5
85.0,BS13,120.33333333333333,34.666666666666664,93.33333333333333,21.333333333333332,1.382532804328429,11 Apr 2022,0.5526881720430107,0.12636505460218408,3760.0,104.0
85.0,BS13,340.6666666666667,50.333333333333336,240.16666666666666,43.833333333333336,2.2188780351138715,16 May 2022,0.7425404944586531,0.17302725968436158,3760.0,104.0
85.0,BS13,152.6,97.0,122.6,42.6,0.40408766614407804,18 Mar 2022,0.22275641025641024,0.10901162790697674,3760.0,104.0
85.0,BS13,175.8,35.8,128.6,27.0,1.8299545139408349,27 May 2022,0.661625708884688,0.15505913272010519,3760.0,104.0
86.0,S9,125.0,37.333333333333336,94.0,20.666666666666668,1.2096428708557314,11 Apr 2022,0.5400410677618069,0.1415525114155251,1944.0,101.0
86.0,S9,197.0,52.0,155.0,46.166666666666664,2.7480164029666976,16 May 2022,0.5823293172690763,0.11931818181818182,1944.0,101.0
86.0,S9,143.75,108.25,121.5,46.5,0.2740143819222363,18 Mar 2022,0.14087301587301587,0.08388312912346843,1944.0,101.0
86.0,S9,119.8,35.2,93.0,25.6,1.561926663692628,27 May 2022,0.5458064516129032,0.12593984962406013,1944.0,101.0
87.0,S4,131.66666666666666,44.333333333333336,98.0,23.666666666666668,1.0485072709521608,11 Apr 2022,0.4962121212121211,0.14658925979680693,1691.0,111.5
87.0,S4,141.08333333333334,41.416666666666664,110.33333333333333,29.916666666666668,1.553463807970892,16 May 2022,0.5461187214611873,0.12230692741133581,1691.0,111.5
87.0,S4,149.25,103.0,119.0,45.0,0.3391807433417448,18 Mar 2022,0.18334985133795836,0.11276794035414725,1691.0,111.5
87.0,S4,127.83333333333333,43.166666666666664,102.5,29.333333333333332,1.2833272329937182,27 May 2022,0.49512670565302136,0.10998552821997104,1691.0,111.5
88.0,BS19,108.66666666666667,41.333333333333336,84.66666666666667,23.333333333333332,0.9890077989099879,11 Apr 2022,0.44888888888888895,0.12413793103448276,1613.0,115.5
88.0,BS19,132.85714285714286,45.57142857142857,107.42857142857143,29.571428571428573,1.2424497321409969,16 May 2022,0.489191353082466,0.10582639714625447,1613.0,115.5
88.0,BS19,164.25,91.5,134.5,41.75,0.49874539626665115,18 Mar 2022,0.2844574780058651,0.099581589958159,1613.0,115.5
88.0,BS19,95.5,31.0,79.33333333333333,21.666666666666668,1.3929639995009087,27 May 2022,0.5098814229249012,0.09246901811248812,1613.0,115.5
89.0,BS14,109.0,43.333333333333336,79.33333333333333,22.333333333333332,0.894080818925938,11 Apr 2022,0.43107221006564544,0.15752212389380535,1490.0,83.0
89.0,BS14,189.16666666666666,63.0,149.16666666666666,53.5,-4.763143000723799,16 May 2022,0.5003304692663582,0.11822660098522168,1490.0,83.0
89.0,BS14,125.25,95.5,102.0,41.25,0.28674226606496495,18 Mar 2022,0.1347678369195923,0.10231023102310231,1490.0,83.0
89.0,BS14,118.16666666666667,38.5,92.66666666666667,24.666666666666668,1.2456117248972218,27 May 2022,0.5085106382978724,0.12094861660079051,1490.0,83.0
90.0,RGA2,149.0,37.0,111.4,25.0,1.5692389732786614,11 Apr 2022,0.6021505376344086,0.1443932411674347,4410.0,70.5
90.0,RGA2,164.71428571428572,37.285714285714285,123.57142857142857,30.428571428571427,1.979902753365614,16 May 2022,0.630834512022631,0.14271555996035684,4410.0,70.5
90.0,RGA2,161.0,96.25,131.5,47.5,0.48506098356904676,18 Mar 2022,0.25170068027210885,0.10085470085470086,4410.0,70.5
90.0,RGA2,211.0,46.0,157.8,26.8,1.4226685164652166,27 May 2022,0.642023346303502,0.14425162689804769,4410.0,70.5
91.0,RGA3,149.6,43.2,116.0,26.6,1.334705751314083,11 Apr 2022,0.5518672199170124,0.1265060240963855,4300.0,74.0
91.0,RGA3,197.375,37.75,152.5,27.75,1.8393366793861865,16 May 2022,0.6788942052099947,0.12826009289031798,4300.0,74.0
91.0,RGA3,167.75,96.5,136.25,45.25,0.49756117332255695,18 Mar 2022,0.2696310312204352,0.10361842105263158,4300.0,74.0
91.0,RGA3,373.1666666666667,80.33333333333333,282.3333333333333,42.666666666666664,1.3284037511973,27 May 2022,0.6457184858507903,0.13857106534452077,4300.0,74.0
92.0,BS13,140.6,36.0,103.4,21.4,1.3935229097723685,11 Apr 2022,0.5922989807474519,0.1524590163934426,4200.0,105.0
92.0,BS13,191.5,34.666666666666664,144.66666666666666,22.166666666666668,1.6591935781900704,16 May 2022,0.6934414148857775,0.1393158155676748,4200.0,105.0
92.0,BS13,175.25,90.25,135.25,44.0,0.5998477059306533,18 Mar 2022,0.32015065913371,0.1288244766505636,4200.0,105.0
92.0,BS13,454.8333333333333,89.0,331.1666666666667,74.66666666666667,2.110974641945448,27 May 2022,0.6726938400245174,0.15733672603901608,4200.0,105.0
93.0,BS19,109.0,40.25,81.75,24.5,1.2466933627449213,11 Apr 2022,0.46063651591289784,0.14285714285714285,1900.0,118.5
93.0,BS19,280.0,44.0,202.83333333333334,36.166666666666664,2.174571750365399,16 May 2022,0.7283950617283951,0.15982050396962372,1900.0,118.5
93.0,BS19,150.0,100.75,120.5,47.75,0.3820695013625458,18 Mar 2022,0.19641076769690927,0.10905730129390019,1900.0,118.5
93.0,BS19,91.16666666666667,26.833333333333332,75.33333333333333,18.5,1.4807713441675414,27 May 2022,0.5451977401129944,0.09509509509509516,1900.0,118.5
94.0,S3,115.0,54.0,99.75,26.25,0.7156423093317706,11 Apr 2022,0.3609467455621302,0.0710128055878929,1800.0,106.5
94.0,S3,198.28571428571428,63.142857142857146,158.0,50.42857142857143,1.6662084775056978,16 May 2022,0.5169398907103825,0.11307137129109862,1800.0,106.5
94.0,S3,134.0,95.5,108.0,43.25,0.30803613826001885,18 Mar 2022,0.16775599128540306,0.10743801652892562,1800.0,106.5
94.0,S3,94.6,32.0,75.2,18.8,1.0713150144714612,27 May 2022,0.49447077409162715,0.11425206124852762,1800.0,106.5
95.0,S8,107.0,52.0,83.0,27.0,0.7556139928191373,11 Apr 2022,0.34591194968553457,0.12631578947368421,1882.0,113.0
95.0,S8,159.71428571428572,47.714285714285715,124.42857142857143,33.142857142857146,1.4198578444251067,16 May 2022,0.5399449035812671,0.12418300653594773,1882.0,113.0
95.0,S8,140.5,101.0,115.0,42.75,0.29023790051260195,18 Mar 2022,0.16356107660455488,0.09980430528375733,1882.0,113.0
95.0,S8,124.33333333333333,33.5,94.33333333333333,23.833333333333332,1.5223835655916143,27 May 2022,0.5755015839493136,0.13719512195121952,1882.0,113.0
96.0,BS15,108.33333333333333,44.666666666666664,83.0,25.666666666666668,0.9502651617118646,11 Apr 2022,0.41612200435729846,0.13240418118466898,2073.0,82.5
96.0,BS15,143.14285714285714,39.714285714285715,111.42857142857143,27.142857142857142,1.497436339740608,16 May 2022,0.5656249999999999,0.12457912457912457,2073.0,82.5
96.0,BS15,140.0,98.25,114.25,42.5,0.32188067345037596,18 Mar 2022,0.17523609653725078,0.10127826941986234,2073.0,82.5
97.0,BS16,134.75,35.5,99.0,24.75,1.5924946518967964,11 Apr 2022,0.5829662261380323,0.15294117647058825,3530.0,91.0
97.0,BS16,81.16666666666667,34.166666666666664,66.5,22.833333333333332,1.10405944647349,16 May 2022,0.40751445086705207,0.09932279909706548,3530.0,91.0
97.0,BS16,178.25,100.0,143.5,46.75,0.5301569223618116,18 Mar 2022,0.2812219227313567,0.108003108003108,3530.0,91.0
97.0,BS16,106.16666666666667,43.166666666666664,81.16666666666667,32.833333333333336,1.3020319147463415,27 May 2022,0.421875,0.13345195729537365,3530.0,91.0
98.0,S5,104.75,35.0,78.5,20.25,1.1576156477817503,11 Apr 2022,0.4991055456171735,0.1432469304229195,2535.0,103.0
98.0,S5,152.66666666666666,60.666666666666664,121.11111111111111,49.333333333333336,1.5924867231536999,16 May 2022,0.43125,0.11525974025974021,2535.0,103.0
98.0,S5,162.75,101.25,128.5,45.75,0.4278861446924035,18 Mar 2022,0.23295454545454544,0.11759656652360514,2535.0,103.0
99.0,S6,109.66666666666667,37.166666666666664,81.5,21.666666666666668,1.127579660957503,11 Apr 2022,0.4937570942111237,0.14734088927637315,2659.0,102.0
99.0,S6,133.0,44.0,101.5,28.333333333333332,1.2470602395887194,16 May 2022,0.5028248587570622,0.13432835820895522,2659.0,102.0
99.0,S6,151.0,104.75,122.75,45.75,0.31283316511886533,18 Mar 2022,0.18084066471163246,0.10319634703196347,2659.0,102.0
100.0,RGA3,129.14285714285714,36.285714285714285,95.0,23.857142857142858,1.4663546248640567,11 Apr 2022,0.5613126079447324,0.1523263224984066,3742.0,66.0
100.0,RGA3,176.83333333333334,54.0,138.66666666666666,36.333333333333336,1.3880354398713506,16 May 2022,0.532129963898917,0.12097200211304814,3742.0,66.0
100.0,RGA3,182.25,99.75,144.5,51.25,0.5472016572495066,18 Mar 2022,0.2925531914893617,0.11553175210405509,3742.0,66.0
100.0,RGA3,263.5,73.5,213.16666666666666,35.833333333333336,1.101303326431327,27 May 2022,0.5637982195845698,0.10559440559440562,3742.0,66.0
101.0,RGA4,116.5,26.0,83.83333333333333,18.833333333333332,1.8855272886152132,11 Apr 2022,0.6350877192982456,0.16306156405990022,4357.0,64.5
101.0,RGA4,251.83333333333334,51.333333333333336,198.5,32.5,1.538460963730744,16 May 2022,0.6613523914238593,0.11843079200592155,4357.0,64.5
101.0,RGA4,221.53846153846155,113.6923076923077,179.0,56.07692307692308,0.6138237568193372,18 Mar 2022,0.3217072051399725,0.10620318801613216,4357.0,64.5
101.0,RGA4,284.5,75.5,228.0,40.0,1.1929510971301334,27 May 2022,0.5805555555555556,0.11024390243902439,4357.0,64.5
102.0,S7,65.0,37.333333333333336,50.666666666666664,16.5,0.5813761947533052,11 Apr 2022,0.27035830618892503,0.12391930835734874,1900.0,103.5
102.0,S7,234.1818181818182,43.27272727272727,177.0909090909091,29.545454545454547,1.7615773869352132,16 May 2022,0.6880733944954128,0.13881520778072504,1900.0,103.5
102.0,S7,144.0,100.16666666666667,117.16666666666667,43.333333333333336,0.33608840356016195,18 Mar 2022,0.17952218430034125,0.10274409700063813,1900.0,103.5
103.0,S2,91.4,34.8,68.8,18.2,0.9880936206412756,11 Apr 2022,0.4484944532488115,0.14107365792759058,2360.0,101.0
103.0,S2,185.0,56.8,144.6,38.0,1.338861215318028,16 May 2022,0.5301902398676591,0.1225728155339806,2360.0,101.0
103.0,S2,140.0,98.0,116.4,44.0,0.333777672117306,18 Mar 2022,0.17647058823529413,0.09204368174726987,2360.0,101.0
104.0,BS17,112.4,34.2,82.0,18.6,1.1865018320324583,11 Apr 2022,0.5334242837653478,0.1563786008230453,1857.0,112.5
104.0,BS17,289.1666666666667,54.0,212.33333333333334,44.0,2.048997932122567,16 May 2022,0.6852841185041282,0.15320704553007647,1857.0,112.5
104.0,BS17,139.0,90.6,111.8,42.4,0.40012059000833256,18 Mar 2022,0.210801393728223,0.10845295055821372,1857.0,112.5
104.0,BS17,83.16666666666667,25.5,66.0,16.666666666666668,1.4010424349033526,27 May 2022,0.5306748466257669,0.11508379888268158,1857.0,112.5
105.0,BS12,105.8,29.2,74.8,17.6,1.3349385539590677,11 Apr 2022,0.5674074074074074,0.1716500553709856,4238.0,80.5
105.0,BS12,204.0,48.6,157.0,33.8,1.6379679470672717,16 May 2022,0.6152019002375297,0.13019390581717452,4238.0,80.5
105.0,BS12,148.4,90.52000000000001,116.75999999999999,40.68,0.4451638469919539,18 Mar 2022,0.24225682236731957,0.11932418162618803,4238.0,80.5
105.0,BS12,134.6,43.0,103.2,29.4,1.4319013321620104,27 May 2022,0.5157657657657657,0.13204373423044571,4238.0,80.5
106.0,S7,111.2,34.0,85.0,19.6,1.2172179030526766,11 Apr 2022,0.5316804407713499,0.13353720693170237,1530.0,111.5
106.0,S7,233.0,55.5,169.83333333333334,41.833333333333336,1.7520027898993895,16 May 2022,0.6152512998266898,0.15680595779892426,1530.0,111.5
106.0,S7,132.8,92.6,111.6,42.0,0.3422120977496764,18 Mar 2022,0.17834960070984923,0.08674304418985276,1530.0,111.5
106.0,S7,155.33333333333334,52.833333333333336,122.33333333333333,34.166666666666664,1.2670790823521614,27 May 2022,0.4923939151321056,0.11884753901560628,1530.0,111.5
107.0,S2,129.4,36.4,99.0,19.8,1.204723623803806,11 Apr 2022,0.5609167671893848,0.13309982486865152,1333.0,102.0
107.0,S2,175.42857142857142,56.714285714285715,137.85714285714286,36.142857142857146,1.3567215994606356,16 May 2022,0.5113846153846153,0.11992704058367529,1333.0,102.0
107.0,S2,141.8,102.6,118.4,47.0,0.3154047938873914,18 Mar 2022,0.1603927986906711,0.08993082244427364,1333.0,102.0
107.0,S2,118.66666666666667,49.333333333333336,97.16666666666667,29.5,1.0040855622247302,27 May 2022,0.41269841269841273,0.0996138996138996,1333.0,102.0
108.0,BS17,132.0,28.4,92.2,17.8,1.5565373991165967,11 Apr 2022,0.6458852867830424,0.17752007136485282,1807.0,108.5
108.0,BS17,124.4,59.4,104.6,32.2,0.76376220114752,16 May 2022,0.35364526659412404,0.08646288209606992,1807.0,108.5
108.0,BS17,146.0,89.4,117.8,39.8,0.4168930255299429,18 Mar 2022,0.2404418011894647,0.10689916603487491,1807.0,108.5
108.0,BS17,112.4,27.2,84.4,15.6,1.3333552296816045,27 May 2022,0.6103151862464183,0.14227642276422764,1807.0,108.5
109.0,BS12,95.6,28.4,69.8,17.2,1.2889970546169969,11 Apr 2022,0.5419354838709677,0.15598548972188633,4300.0,79.0
109.0,BS12,191.66666666666666,49.5,148.5,36.0,1.6543020138092572,16 May 2022,0.5894955079474775,0.12689857912787847,4300.0,79.0
109.0,BS12,153.4,84.6,120.8,41.6,0.5375342216401158,18 Mar 2022,0.28907563025210087,0.11889132020423053,4300.0,79.0
109.0,BS12,169.6,51.8,124.4,36.2,1.4244722568883927,27 May 2022,0.5320686540198736,0.15374149659863942,4300.0,79.0
110.0,RGA4,176.4,36.0,125.8,24.0,1.659278712822688,11 Apr 2022,0.6610169491525424,0.16743878226340175,4484.0,73.0
110.0,RGA4,225.57142857142858,51.57142857142857,161.42857142857142,44.285714285714285,2.1893854588049604,16 May 2022,0.6278350515463917,0.16574381690660767,4484.0,73.0
110.0,RGA4,173.8,84.4,136.8,41.6,0.6423497094902599,18 Mar 2022,0.34624322230828813,0.11912427559562137,4484.0,73.0
110.0,RGA4,493.8,107.0,375.4,56.2,1.3312904156695062,27 May 2022,0.6438082556591213,0.1362172112287161,4484.0,73.0
111.0,RGA5,159.4,30.6,113.0,21.8,1.798585738031789,11 Apr 2022,0.6778947368421053,0.170337738619677,5175.0,74.5
111.0,RGA5,239.71428571428572,42.142857142857146,176.57142857142858,27.714285714285715,1.6933952451494034,16 May 2022,0.7009630005068423,0.15168153740562798,5175.0,74.5
111.0,RGA5,184.4,91.0,146.8,43.4,0.635549910076857,18 Mar 2022,0.33914306463326077,0.11352657004830914,5175.0,74.5
111.0,RGA5,363.57142857142856,68.28571428571429,272.7142857142857,40.714285714285715,1.6233873871614293,27 May 2022,0.683757856434006,0.14279299506061965,5175.0,74.5
112.0,BS11,137.4,32.2,100.2,20.2,1.4813971706311249,11 Apr 2022,0.6202830188679245,0.15656565656565657,3869.0,73.5
112.0,BS11,199.28571428571428,28.0,143.14285714285714,21.428571428571427,2.085664407513955,16 May 2022,0.7536140791954745,0.16395494367959948,3869.0,73.5
112.0,BS11,182.2,81.8,143.0,40.6,0.7320174313950467,18 Mar 2022,0.38030303030303025,0.12054120541205408,3869.0,73.5
112.0,BS11,179.6,49.2,129.8,31.6,1.3645234103190447,27 May 2022,0.5699300699300698,0.16095669036845503,3869.0,73.5
113.0,BS16,144.0,35.0,104.8,21.2,1.4090047717001526,11 Apr 2022,0.6089385474860335,0.15755627009646303,,
113.0,BS16,169.83333333333334,32.333333333333336,115.16666666666667,25.833333333333332,2.02494552390143,16 May 2022,0.6801319043693321,0.19181286549707605,,
113.0,BS16,171.0,87.6,134.8,41.0,0.5862633335866964,18 Mar 2022,0.3225058004640371,0.11837802485284496,,
113.0,BS16,122.2,48.8,95.8,35.4,1.240179979948144,27 May 2022,0.42923976608187137,0.12110091743119268,,
114.0,S1,109.0,35.333333333333336,81.33333333333333,19.666666666666668,1.0978780803313894,11 Apr 2022,0.510392609699769,0.14535901926444839,1473.0,106.0
114.0,S1,146.71428571428572,48.42857142857143,114.42857142857143,40.42857142857143,1.830164864825747,16 May 2022,0.5036603221083455,0.12363238512035012,1473.0,106.0
114.0,S1,142.6,98.4,114.8,44.2,0.35257879649115553,18 Mar 2022,0.18340248962655598,0.108003108003108,1473.0,106.0
114.0,S1,97.6,38.0,78.0,24.8,1.1013397721958578,27 May 2022,0.43952802359882004,0.11161731207289291,1473.0,106.0
115.0,S6,116.0,39.0,84.0,20.0,1.036391883313867,11 Apr 2022,0.4967741935483871,0.16,1763.0,111.0
115.0,S6,131.16666666666666,45.333333333333336,102.5,28.833333333333332,1.293852492755159,16 May 2022,0.486307837582625,0.12268188302425104,1763.0,111.0
115.0,S6,147.8,99.4,118.4,45.0,0.37815844952685607,18 Mar 2022,0.19579288025889968,0.11044327573253193,1763.0,111.0
115.0,S6,109.5,33.0,84.83333333333333,23.5,1.4754609899366224,27 May 2022,0.5368421052631579,0.12692967409948547,1763.0,111.0
116.0,BS14,121.0,40.333333333333336,90.33333333333333,21.333333333333332,1.0161909179876154,11 Apr 2022,0.4999999999999999,0.14511041009463727,1491.0,84.0
116.0,BS14,135.28571428571428,46.42857142857143,109.85714285714286,29.428571428571427,1.238214639369814,16 May 2022,0.48899371069182385,0.10372960372960369,1491.0,84.0
116.0,BS14,179.0,104.2,147.8,48.2,0.5004321052995735,18 Mar 2022,0.2641242937853107,0.09547123623011013,1491.0,84.0
116.0,BS14,77.2,25.0,58.8,15.4,1.1925786155181206,27 May 2022,0.5107632093933464,0.13529411764705887,1491.0,84.0
117.0,BS19,129.0,39.333333333333336,95.66666666666667,23.666666666666668,1.220007566553475,11 Apr 2022,0.5326732673267326,0.14836795252225515,2387.0,110.0
117.0,BS19,112.5,35.833333333333336,85.33333333333333,24.0,1.3230397125019182,16 May 2022,0.5168539325842696,0.1373209772535805,2387.0,110.0
117.0,BS19,152.2,100.24,123.75999999999999,44.239999999999995,0.3840396445292672,18 Mar 2022,0.20583108857550306,0.10305841426293666,2387.0,110.0
118.0,S4,133.0,41.333333333333336,101.0,22.666666666666668,1.167909872847122,11 Apr 2022,0.525812619502868,0.13675213675213677,2965.0,111.5
118.0,S4,102.16666666666667,33.0,81.5,23.666666666666668,1.4621486227064164,16 May 2022,0.5117139334155364,0.11252268602540837,2965.0,111.5
118.0,S4,156.6,99.6,127.4,45.4,0.41254730152433494,18 Mar 2022,0.2224824355971897,0.10281690140845066,2965.0,111.5
119.0,S9,116.33333333333333,45.666666666666664,88.0,25.0,0.9926637353060803,11 Apr 2022,0.4362139917695473,0.13866231647634583,3016.0,115.5
119.0,S9,116.83333333333333,36.0,86.66666666666667,21.666666666666668,1.2254838715601954,16 May 2022,0.5288985823336969,0.1482391482391482,3016.0,115.5
119.0,S9,167.0,116.4,139.2,51.2,0.32400868707982444,18 Mar 2022,0.17854622441778403,0.09079033311561076,3016.0,115.5
120.0,RGA5,191.0,44.666666666666664,138.66666666666666,31.0,1.637639012937736,11 Apr 2022,0.620933521923621,0.15874620829120328,5123.0,69.5
120.0,RGA5,215.0,40.4,153.2,31.0,1.9821465107745744,16 May 2022,0.6836335160532497,0.16784356328082567,5123.0,69.5
120.0,RGA5,220.4,127.2,182.4,59.0,0.513172665085132,18 Mar 2022,0.2681242807825086,0.09433962264150943,5123.0,69.5
120.0,RGA5,145.66666666666666,36.166666666666664,111.33333333333333,17.5,1.1894394651784828,27 May 2022,0.6021998166819432,0.13359273670557714,5123.0,69.5
121.0,bordeux,153.66666666666666,37.666666666666664,111.33333333333333,26.166666666666668,1.5969466077638952,11 Apr 2022,0.6062717770034843,0.15974842767295597,4524.0,68.5
121.0,bordeux,163.14285714285714,36.857142857142854,127.28571428571429,25.571428571428573,1.6830916191553322,16 May 2022,0.6314285714285713,0.12346286276438756,4524.0,68.5
121.0,bordeux,203.0,115.8,168.4,54.2,0.5427278653210585,18 Mar 2022,0.27352572145545795,0.0931610123855681,4524.0,68.5
121.0,bordeux,171.8,48.0,137.6,27.0,1.1845334939673926,27 May 2022,0.5632393084622385,0.11053652230122825,4524.0,68.5
122.0,BLT 8-15,165.25,29.25,116.75,27.25,2.540200094775195,11 Apr 2022,0.699228791773779,0.17198581560283688,5356.0,148.5
122.0,BLT 8-15,183.16666666666666,40.833333333333336,138.0,28.0,1.6250157308778237,16 May 2022,0.6354166666666666,0.14063310845874416,5356.0,148.5
122.0,BLT 8-15,214.2,90.6,173.2,49.6,0.8798899019769276,18 Mar 2022,0.4055118110236221,0.10583376355188437,5356.0,148.5
122.0,BLT 8-15,129.0,41.0,104.0,32.2,1.586725225868259,27 May 2022,0.5176470588235295,0.1072961373390558,5356.0,148.5
123.0,pop au,108.75,26.0,77.75,17.5,1.5893613852673192,11 Apr 2022,0.614100185528757,0.16621983914209115,2513.0,106.5
123.0,pop au,143.5,43.333333333333336,111.16666666666667,36.5,1.9304390200291721,16 May 2022,0.5361284567350579,0.1269633507853403,2513.0,106.5
123.0,pop au,152.2,98.6,126.4,46.2,0.4357316275795127,18 Mar 2022,0.21371610845295055,0.09260588657573575,2513.0,106.5
124.0,BLT 34-15,157.5,24.0,103.0,19.0,2.1066798610442157,11 Apr 2022,0.7355371900826446,0.2092130518234165,5730.0,100.0
124.0,BLT 34-15,143.0,38.5,107.66666666666667,27.666666666666668,1.5699057892918813,16 May 2022,0.5757575757575758,0.1409574468085106,5730.0,100.0
124.0,BLT 34-15,163.6,96.6,195.0,45.4,0.5184717380327402,18 Mar 2022,0.25749423520368947,-0.0875627440044618,5730.0,100.0
124.0,BLT 34-15,107.2,28.4,72.6,22.6,1.9043499542253062,27 May 2022,0.5811209439528024,0.1924360400444939,5730.0,100.0
125.0,agaton,118.0,31.0,86.25,19.75,1.4710814889998614,11 Apr 2022,0.5838926174496645,0.1554467564259486,4028.0,83.5
125.0,agaton,137.57142857142858,27.857142857142858,90.42857142857143,25.285714285714285,2.4563328737291785,16 May 2022,0.6632124352331606,0.20676691729323313,4028.0,83.5
125.0,agaton,172.0,83.0,299.0,39.0,0.6838143036386449,18 Mar 2022,0.34901960784313724,-0.26963906581740976,4028.0,83.5
125.0,agaton,100.0,27.2,74.2,17.4,1.3919283962269209,27 May 2022,0.5723270440251572,0.148105625717566,4028.0,83.5
126.0,BLT 8-15,189.5,36.75,132.75,27.75,1.8871046745555575,11 Apr 2022,0.6751381215469613,0.1761055081458495,4886.0,143.5
126.0,BLT 8-15,93.2,21.0,64.2,14.8,1.6966817911466001,16 May 2022,0.6322241681260946,0.18424396442185514,4886.0,143.5
126.0,BLT 8-15,214.0,87.6,195.0,47.0,0.8856785888833262,18 Mar 2022,0.41909814323607425,0.04645476772616137,4886.0,143.5
126.0,BLT 8-15,131.66666666666666,41.166666666666664,102.0,33.0,1.6916702666172385,27 May 2022,0.5236258437801351,0.12696148359486445,4886.0,143.5
127.0,pop au,129.25,35.75,95.25,20.25,1.2613450661468841,11 Apr 2022,0.5666666666666667,0.1514476614699332,1236.0,101.0
127.0,pop au,126.66666666666667,38.666666666666664,98.5,32.0,1.8943000684116171,16 May 2022,0.532258064516129,0.12509252405625465,1236.0,101.0
127.0,pop au,156.2,100.6,195.0,44.6,0.42017028281105767,18 Mar 2022,0.2165109034267913,-0.11047835990888387,1236.0,101.0
127.0,pop au,79.16666666666667,40.5,69.0,23.666666666666668,0.828568628053378,27 May 2022,0.3231197771587744,0.06861642294713163,1236.0,101.0
128.0,BLT 34-15,164.5,34.5,118.5,20.75,1.5372340051374485,11 Apr 2022,0.6532663316582915,0.1625441696113074,5061.0,96.0
128.0,BLT 34-15,99.14285714285714,43.0,80.71428571428571,24.857142857142858,0.9363319495541348,16 May 2022,0.3949748743718593,0.10246227164416206,5061.0,96.0
128.0,BLT 34-15,196.8,85.4,195.0,41.8,0.7551332756418463,18 Mar 2022,0.39475549255846915,0.00459418070444107,5061.0,96.0
128.0,BLT 34-15,150.0,43.0,106.33333333333333,32.0,1.580045246070118,27 May 2022,0.5544041450777202,0.1703511053315995,5061.0,96.0
129.0,agaton,139.8,36.2,104.2,23.2,1.467872038971707,11 Apr 2022,0.5886363636363637,0.14590163934426234,4188.0,80.0
129.0,agaton,147.66666666666666,35.333333333333336,99.66666666666667,27.5,1.8178380930380333,16 May 2022,0.6138433515482695,0.19407008086253366,4188.0,80.0
129.0,agaton,205.6,90.6,195.0,44.8,0.7603716400314703,18 Mar 2022,0.38825118163403105,0.02646030953569644,4188.0,80.0
129.0,agaton,122.66666666666667,30.0,85.66666666666667,20.166666666666668,1.5679600822229813,27 May 2022,0.6069868995633187,0.17759999999999998,4188.0,80.0
130.0,iso cell,163.25,43.75,118.25,28.75,1.4532152621012375,11 Apr 2022,0.5772946859903382,0.15985790408525755,4150.0,76.0
130.0,iso cell,150.66666666666666,24.666666666666668,96.0,19.333333333333332,2.0536584703373673,16 May 2022,0.7186311787072244,0.22162162162162158,4150.0,76.0
130.0,iso cell,175.33333333333334,90.66666666666667,177.66666666666666,42.333333333333336,0.5728332691673415,18 Mar 2022,0.31829573934837097,-0.006610009442870579,4150.0,76.0
130.0,iso cell,257.0,74.42857142857143,214.0,39.142857142857146,1.1169183750039118,27 May 2022,0.5508620689655171,0.09129511677282377,4150.0,76.0
